chunk,runtime_seconds,num_predicted_masks,num_ground_truth_masks,count_error,dice,semantic_iou,true_positives_iou001,false_positives_iou001,false_negatives_iou001,precision_iou001,recall_iou001,f1_iou001,mean_matched_iou_iou001,panoptic_quality_iou001,true_positives_iou05,false_positives_iou05,false_negatives_iou05,precision_iou05,recall_iou05,f1_iou05,mean_matched_iou_iou05,panoptic_quality_iou05
chunk_z5_y55_x5000_z000000_y000768_x000512,6.7347562100039795,97,138,-41,0.6603121665830548,0.4928850961487748,70,27,68,0.7216494845360825,0.5072463768115942,0.5957446808510638,0.4037357268394206,0.24052341173412292,23,74,115,0.23711340206185566,0.16666666666666666,0.1957446808510638,0.6082401173344496,0.11905976764844545
chunk_z5_y55_x5000_z000000_y000768_x000640,6.467749839066528,104,133,-29,0.7442874408412682,0.5927211887885439,79,25,54,0.7596153846153846,0.5939849624060151,0.6666666666666666,0.48985141813595556,0.326567612090637,43,61,90,0.41346153846153844,0.3233082706766917,0.36286919831223624,0.625190451567327,0.2268623579527009
chunk_z5_y55_x5000_z000000_y000768_x000768,6.416513570933603,108,154,-46,0.7509498431802535,0.6012167238281888,81,27,73,0.75,0.525974025974026,0.6183206106870229,0.5283541658791031,0.3266922705053996,54,54,100,0.5,0.35064935064935066,0.4122137404580153,0.6467210890271002,0.2665873191409421
chunk_z5_y55_x5000_z000000_y000768_x000896,6.4595596549334005,109,140,-31,0.7022849983924078,0.5411704399829133,74,35,66,0.6788990825688074,0.5285714285714286,0.5943775100401607,0.4647057107079458,0.27621062323203205,35,74,105,0.3211009174311927,0.25,0.28112449799196787,0.6350279826394077,0.17852192283035562
chunk_z5_y55_x5000_z000000_y000768_x001024,6.469757033977658,97,130,-33,0.774147949624078,0.6315182565356695,83,14,47,0.8556701030927835,0.6384615384615384,0.7312775330396475,0.5592269380010585,0.40895009563073004,58,39,72,0.5979381443298969,0.4461538461538462,0.5110132158590308,0.6510129227050874,0.33267620719731333
chunk_z5_y55_x5000_z000000_y000768_x001152,6.377357403980568,96,130,-34,0.799575913004857,0.6660778650371184,74,22,56,0.7708333333333334,0.5692307692307692,0.6548672566371682,0.557815440256876,0.3652950670708745,46,50,84,0.4791666666666667,0.35384615384615387,0.40707964601769914,0.6741923240402838,0.2744499726181686
chunk_z5_y55_x5000_z000000_y000896_x000000,6.344210630981252,11,118,-107,0.057019684398893766,0.02934650646795328,7,4,111,0.6363636363636364,0.059322033898305086,0.10852713178294575,0.09937822599293755,0.010785233828690897,0,11,118,0.0,0.0,0.0,0.0,0.0
chunk_z5_y55_x5000_z000000_y000896_x000128,6.369646164006554,45,137,-92,0.3170612084750196,0.18839734996405744,26,19,111,0.5777777777777777,0.1897810218978102,0.2857142857142857,0.21137992958119156,0.06039426559462616,2,43,135,0.044444444444444446,0.014598540145985401,0.021978021978021976,0.5171988442131038,0.01136700756512316
chunk_z5_y55_x5000_z000000_y000896_x000256,6.359841238008812,48,117,-69,0.30433721710486183,0.17947979997841493,29,19,88,0.6041666666666666,0.24786324786324787,0.3515151515151515,0.19300829049704915,0.06784533847775061,1,47,116,0.020833333333333332,0.008547008547008548,0.012121212121212121,0.5849430411094602,0.007090218680114668
chunk_z5_y55_x5000_z000000_y000896_x000384,6.35576940595638,35,125,-90,0.1842170774209609,0.10145324924595558,20,15,105,0.5714285714285714,0.16,0.25,0.14715233313869946,0.036788083284674866,0,35,125,0.0,0.0,0.0,0.0,0.0
chunk_z5_y55_x5000_z000000_y000896_x000512,6.409405853017233,70,143,-73,0.4648254191387758,0.30278342602442737,41,29,102,0.5857142857142857,0.2867132867132867,0.38497652582159625,0.29716799776284514,0.11440270336410001,8,62,135,0.11428571428571428,0.055944055944055944,0.07511737089201878,0.6173750254669543,0.04637558876747075
chunk_z5_y55_x5000_z000000_y000896_x000640,6.3514238690258935,71,123,-52,0.5376839826839827,0.3676934235261031,50,21,73,0.704225352112676,0.4065040650406504,0.5154639175257731,0.34711576167644526,0.1789256503486831,9,62,114,0.1267605633802817,0.07317073170731707,0.09278350515463916,0.6101690994807449,0.05661362778687325
chunk_z5_y55_x5000_z000000_y000896_x000768,6.380917608970776,88,131,-43,0.6467010236993409,0.4778700309573462,67,21,64,0.7613636363636364,0.5114503816793893,0.6118721461187214,0.40282981652166894,0.24648034435572438,24,64,107,0.2727272727272727,0.183206106870229,0.21917808219178084,0.6015437449626723,0.13184520437538022
chunk_z5_y55_x5000_z000000_y000896_x000896,6.431792009039782,98,157,-59,0.6956351477543151,0.5333133183991132,69,29,88,0.7040816326530612,0.4394904458598726,0.5411764705882354,0.40134203260208867,0.2171968647023068,23,75,134,0.23469387755102042,0.1464968152866242,0.1803921568627451,0.6263193251204089,0.11298309394328944
chunk_z5_y55_x5000_z000000_y000896_x001024,6.427027608035132,87,126,-39,0.7395198644047984,0.5866969605638375,68,19,58,0.7816091954022989,0.5396825396825397,0.6384976525821596,0.4972839373004862,0.3175146266331743,38,49,88,0.4367816091954023,0.30158730158730157,0.35680751173708924,0.6492609065913634,0.23166116854903107
chunk_z5_y55_x5000_z000000_y000896_x001152,6.393441539956257,80,137,-57,0.7083879423328965,0.5484525621511923,68,12,69,0.85,0.49635036496350365,0.6267281105990784,0.49139850153148,0.3079732544160428,40,40,97,0.5,0.291970802919708,0.36866359447004604,0.6274226196642664,0.23130787821724105
chunk_z5_y55_x5000_z000128_y000000_x000000,6.506531493971124,1,156,-155,0.005726147018824708,0.0028712942358768215,1,0,155,1.0,0.00641025641025641,0.012738853503184714,0.12345679012345678,0.0015726979633561373,0,1,156,0.0,0.0,0.0,0.0,0.0
chunk_z5_y55_x5000_z000128_y000000_x000128,6.390068506007083,17,188,-171,0.049821209371831134,0.02554699579918173,6,11,182,0.35294117647058826,0.031914893617021274,0.058536585365853655,0.07551552408019654,0.004420420921767603,0,17,188,0.0,0.0,0.0,0.0,0.0
chunk_z5_y55_x5000_z000128_y000000_x000256,6.374433559016325,29,188,-159,0.17052092401246483,0.0932073650093097,15,14,173,0.5172413793103449,0.0797872340425532,0.1382488479262673,0.12295425768688818,0.016998284472841685,0,29,188,0.0,0.0,0.0,0.0,0.0
chunk_z5_y55_x5000_z000128_y000000_x000384,6.405610437039286,50,200,-150,0.20925116507945699,0.11685120827608503,25,25,175,0.5,0.125,0.2,0.14981609726386608,0.029963219452773217,0,50,200,0.0,0.0,0.0,0.0,0.0
chunk_z5_y55_x5000_z000128_y000000_x000512,6.364812409039587,84,151,-67,0.46435585430544024,0.3023850646696639,33,51,118,0.39285714285714285,0.2185430463576159,0.28085106382978725,0.20265980107234063,0.05691722072669992,2,82,149,0.023809523809523808,0.013245033112582781,0.01702127659574468,0.6060478709272275,0.010315708441314509
chunk_z5_y55_x5000_z000128_y000000_x000640,6.418066237936728,76,162,-86,0.35968020689569424,0.2192744417324864,41,35,121,0.5394736842105263,0.25308641975308643,0.3445378151260504,0.22928696759313297,0.07899803085141556,2,74,160,0.02631578947368421,0.012345679012345678,0.01680672268907563,0.5275302225158263,0.008866054159929854
chunk_z5_y55_x5000_z000128_y000000_x000768,6.364470480941236,89,181,-92,0.46758416514972695,0.3051287741329121,49,40,132,0.550561797752809,0.27071823204419887,0.362962962962963,0.2838163439333587,0.10301482113136723,6,83,175,0.06741573033707865,0.03314917127071823,0.044444444444444446,0.5772174426607583,0.025654108562700367
chunk_z5_y55_x5000_z000128_y000000_x000896,6.307303827954456,82,130,-48,0.4512484833654503,0.29136273864384465,42,40,88,0.5121951219512195,0.3230769230769231,0.39622641509433965,0.23928536641356746,0.09481118291858334,1,81,129,0.012195121951219513,0.007692307692307693,0.009433962264150945,0.6105679702048417,0.005760075190611714
chunk_z5_y55_x5000_z000128_y000000_x001024,6.393794459057972,85,140,-55,0.6548972937953763,0.4868753075690787,56,29,84,0.6588235294117647,0.4,0.4977777777777778,0.36373313083883696,0.18105826957310994,16,69,124,0.18823529411764706,0.11428571428571428,0.14222222222222222,0.5950243173946008,0.084625680696121
chunk_z5_y55_x5000_z000128_y000000_x001152,6.398620035033673,75,137,-62,0.6437144061000639,0.4746156775499569,52,23,85,0.6933333333333334,0.3795620437956204,0.490566037735849,0.42159508000422713,0.20682022792660198,16,59,121,0.21333333333333335,0.11678832116788321,0.1509433962264151,0.645958371690984,0.09750315044392212
chunk_z5_y55_x5000_z000128_y000128_x000000,6.257496019941755,47,150,-103,0.25210824635377066,0.1442356174676461,27,20,123,0.574468085106383,0.18,0.2741116751269036,0.13966392368965266,0.038283512077366716,1,46,149,0.02127659574468085,0.006666666666666667,0.01015228426395939,0.5022771633051398,0.005099260541168932
chunk_z5_y55_x5000_z000128_y000128_x000128,6.341617248021066,54,173,-119,0.13590732218688367,0.07290802855699484,12,42,161,0.2222222222222222,0.06936416184971098,0.10572687224669604,0.04169799735001695,0.004408598838768312,0,54,173,0.0,0.0,0.0,0.0,0.0
chunk_z5_y55_x5000_z000128_y000128_x000256,6.393535375013016,44,162,-118,0.19966878946588934,0.11090669777737892,26,18,136,0.5909090909090909,0.16049382716049382,0.2524271844660194,0.1429343068044749,0.0360805046302558,0,44,162,0.0,0.0,0.0,0.0,0.0
chunk_z5_y55_x5000_z000128_y000128_x000384,6.311258865986019,60,157,-97,0.42958579881656805,0.27354935945742276,45,15,112,0.75,0.28662420382165604,0.4147465437788019,0.25056415123301984,0.10392061571876399,2,58,155,0.03333333333333333,0.012738853503184714,0.018433179723502304,0.5608151114111322,0.010337605740297367
chunk_z5_y55_x5000_z000128_y000128_x000512,6.519519031047821,91,164,-73,0.5526336143553252,0.38182012504675894,60,31,104,0.6593406593406593,0.36585365853658536,0.47058823529411764,0.3141099033770673,0.1478164251186199,10,81,154,0.10989010989010989,0.06097560975609756,0.0784313725490196,0.578965967079242,0.04540909545719545
chunk_z5_y55_x5000_z000128_y000128_x000640,6.402240269933827,90,143,-53,0.6375098502758078,0.46790052053209946,54,36,89,0.6,0.3776223776223776,0.463519313304721,0.3818882281647717,0.17701256927809159,14,76,129,0.15555555555555556,0.0979020979020979,0.12017167381974247,0.6104074004014501,0.07335367901820002
chunk_z5_y55_x5000_z000128_y000128_x000768,6.390840498963371,85,116,-31,0.6871075899387679,0.5233540727885857,51,34,65,0.6,0.4396551724137931,0.5074626865671642,0.38869643378046564,0.19724893654531092,13,72,103,0.15294117647058825,0.11206896551724138,0.1293532338308458,0.624764004067777,0.08081524430727464
chunk_z5_y55_x5000_z000128_y000128_x000896,6.318574147997424,75,134,-59,0.6850948344209307,0.5210222397439762,54,21,80,0.72,0.40298507462686567,0.5167464114832535,0.4370271929487206,0.22583223367685085,25,50,109,0.3333333333333333,0.1865671641791045,0.23923444976076555,0.6257916286176527,0.14971091593723748
chunk_z5_y55_x5000_z000128_y000128_x001024,6.383142007049173,76,106,-30,0.7371723377749949,0.5837473788594035,57,19,49,0.75,0.5377358490566038,0.6263736263736264,0.5152358025190765,0.32273011806139956,34,42,72,0.4473684210526316,0.32075471698113206,0.37362637362637363,0.636516164652418,0.2378192263536507
chunk_z5_y55_x5000_z000128_y000128_x001152,6.396766021032818,84,96,-12,0.7604015704461016,0.613425729104668,60,24,36,0.7142857142857143,0.625,0.6666666666666666,0.5224970796999429,0.34833138646662853,38,46,58,0.4523809523809524,0.3958333333333333,0.4222222222222222,0.6430345849594247,0.2715034914273126
chunk_z5_y55_x5000_z000128_y000256_x000000,6.347958164056763,34,140,-106,0.33244019881950915,0.1993572875672403,21,13,119,0.6176470588235294,0.15,0.24137931034482757,0.21083604038734988,0.05089145802453273,2,32,138,0.058823529411764705,0.014285714285714285,0.022988505747126433,0.5825835342637543,0.013392724925603547
chunk_z5_y55_x5000_z000128_y000256_x000128,6.399815713986754,58,130,-72,0.3919195336891158,0.2437188572958808,28,30,102,0.4827586206896552,0.2153846153846154,0.29787234042553196,0.24416909039287946,0.07273121841490027,4,54,126,0.06896551724137931,0.03076923076923077,0.04255319148936171,0.5982553455245434,0.025457674277640143
chunk_z5_y55_x5000_z000128_y000256_x000256,6.483583254972473,66,149,-83,0.5132743362831859,0.34523809523809523,45,21,104,0.6818181818181818,0.30201342281879195,0.41860465116279066,0.31545775821848243,0.13205208483564382,9,57,140,0.13636363636363635,0.06040268456375839,0.08372093023255814,0.6370914816536665,0.0533378914872837
chunk_z5_y55_x5000_z000128_y000256_x000384,6.351315758074634,75,161,-86,0.5671742748560392,0.3958431684349144,52,23,109,0.6933333333333334,0.32298136645962733,0.4406779661016949,0.2810418779713325,0.12384896317380753,9,66,152,0.12,0.055900621118012424,0.07627118644067797,0.5969116543365773,0.04552716007651861
chunk_z5_y55_x5000_z000128_y000256_x000512,6.45689177303575,73,137,-64,0.5389536550878546,0.3688819707634001,49,24,88,0.6712328767123288,0.35766423357664234,0.46666666666666673,0.31902046521226785,0.14887621709905832,6,67,131,0.0821917808219178,0.043795620437956206,0.05714285714285714,0.6183463997541753,0.03533407998595287
chunk_z5_y55_x5000_z000128_y000256_x000640,6.375285490998067,78,118,-40,0.5567640520800254,0.3857747950932395,54,24,64,0.6923076923076923,0.4576271186440678,0.5510204081632654,0.34527873139222465,0.19025562750183805,12,66,106,0.15384615384615385,0.1016949152542373,0.12244897959183673,0.5787678184015054,0.0708695287838578
chunk_z5_y55_x5000_z000128_y000256_x000768,6.5203964749816805,85,109,-24,0.7174867392283542,0.5594380667819888,62,23,47,0.7294117647058823,0.5688073394495413,0.6391752577319587,0.4908538718833354,0.3137416500697608,36,49,73,0.4235294117647059,0.3302752293577982,0.3711340206185567,0.6092630079691682,0.22611822976175314
chunk_z5_y55_x5000_z000128_y000256_x000896,6.39133780496195,91,115,-24,0.6966671604206784,0.5345274355593944,62,29,53,0.6813186813186813,0.5391304347826087,0.6019417475728156,0.4607419166564901,0.2773397944922562,24,67,91,0.26373626373626374,0.20869565217391303,0.23300970873786409,0.627394098361077,0.1461889161229694
chunk_z5_y55_x5000_z000128_y000256_x001024,6.392463937052526,75,113,-38,0.6676373473365954,0.5010928113317966,53,22,60,0.7066666666666667,0.4690265486725664,0.5638297872340425,0.4223480965161732,0.23813243739741682,19,56,94,0.25333333333333335,0.168141592920354,0.2021276595744681,0.6240620253955548,0.12614019662250575
chunk_z5_y55_x5000_z000128_y000256_x001152,6.519412858993746,92,97,-5,0.7646628638291648,0.6189912384560738,58,34,39,0.6304347826086957,0.5979381443298969,0.6137566137566138,0.5123296700822085,0.3144457234366994,37,55,60,0.40217391304347827,0.38144329896907214,0.39153439153439157,0.6358527163858004,0.24895820641560443
chunk_z5_y55_x5000_z000128_y000384_x000000,6.439641201985069,68,126,-58,0.44742386515993104,0.2881815938810757,32,36,94,0.47058823529411764,0.25396825396825395,0.32989690721649484,0.2892638939973241,0.09542726399911723,5,63,121,0.07352941176470588,0.03968253968253968,0.05154639175257732,0.6183904975138172,0.031875798840918415
chunk_z5_y55_x5000_z000128_y000384_x000128,6.381039552041329,86,110,-24,0.38385112758240025,0.23750975800156127,16,70,94,0.18604651162790697,0.14545454545454545,0.16326530612244897,0.20153276942017534,0.03290330929308985,1,85,109,0.011627906976744186,0.00909090909090909,0.01020408163265306,0.5556499575191164,0.005669897525705269
chunk_z5_y55_x5000_z000128_y000384_x000256,6.37012386508286,66,143,-77,0.3440967856140051,0.207800058979652,43,23,100,0.6515151515151515,0.3006993006993007,0.4114832535885167,0.23402226321107658,0.09629624227824204,4,62,139,0.06060606060606061,0.027972027972027972,0.038277511961722493,0.5701023944163272,0.021822101221677593
chunk_z5_y55_x5000_z000128_y000384_x000384,6.283104990958236,91,132,-41,0.5624204979102307,0.39122740487928204,50,41,82,0.5494505494505495,0.3787878787878788,0.44843049327354256,0.306413813790906,0.1374052976640834,10,81,122,0.10989010989010989,0.07575757575757576,0.08968609865470853,0.6025296830809144,0.054038536599185144
chunk_z5_y55_x5000_z000128_y000384_x000512,6.3976841940311715,59,149,-90,0.30377725662392097,0.17909042772253927,39,20,110,0.6610169491525424,0.26174496644295303,0.37500000000000006,0.17100472841763906,0.06412677315661465,2,57,147,0.03389830508474576,0.013422818791946308,0.019230769230769232,0.5544874746730521,0.010663220666789465
chunk_z5_y55_x5000_z000128_y000384_x000640,6.357948558987118,75,113,-38,0.6325682031984948,0.46259579796089656,53,22,60,0.7066666666666667,0.4690265486725664,0.5638297872340425,0.40110067224236284,0.22615250668984288,14,61,99,0.18666666666666668,0.12389380530973451,0.14893617021276598,0.5886419833182536,0.08767008262186755
chunk_z5_y55_x5000_z000128_y000384_x000768,6.478149630012922,71,96,-25,0.7184841083600721,0.5606517352201101,57,14,39,0.8028169014084507,0.59375,0.6826347305389222,0.4676706065683648,0.31924819849576996,28,43,68,0.39436619718309857,0.2916666666666667,0.33532934131736525,0.6275295069299247,0.21042905621602265
chunk_z5_y55_x5000_z000128_y000384_x000896,6.372414859943092,84,94,-10,0.7005361207619504,0.5390962626623489,60,24,34,0.7142857142857143,0.6382978723404256,0.6741573033707866,0.40454804878044304,0.2727290216497369,21,63,73,0.25,0.22340425531914893,0.23595505617977527,0.5913459458062023,0.1395310658643848
chunk_z5_y55_x5000_z000128_y000384_x001024,6.550773841096088,77,97,-20,0.7089063138006686,0.5490742626799747,50,27,47,0.6493506493506493,0.5154639175257731,0.5747126436781609,0.46604446966759705,0.2678416492342512,22,55,75,0.2857142857142857,0.2268041237113402,0.2528735632183908,0.6127267719276603,0.15494240209664972
chunk_z5_y55_x5000_z000128_y000384_x001152,6.3458196899155155,90,100,-10,0.7561054877003894,0.6078533832443422,62,28,38,0.6888888888888889,0.62,0.6526315789473685,0.5270656497786739,0.34397968722397665,40,50,60,0.4444444444444444,0.4,0.4210526315789474,0.6243401680133782,0.26288007074247505
chunk_z5_y55_x5000_z000128_y000512_x000000,6.4053063209867105,61,123,-62,0.243528071077764,0.13864615031291266,28,33,95,0.45901639344262296,0.22764227642276422,0.30434782608695654,0.144413669096963,0.043951986246901775,0,61,123,0.0,0.0,0.0,0.0,0.0
chunk_z5_y55_x5000_z000128_y000512_x000128,6.447959079989232,114,154,-40,0.35489813994685565,0.21573019188938902,31,83,123,0.2719298245614035,0.2012987012987013,0.23134328358208955,0.15471112384072025,0.03579137939598752,0,114,154,0.0,0.0,0.0,0.0,0.0
chunk_z5_y55_x5000_z000128_y000512_x000256,6.297950544045307,56,150,-94,0.33142793963182043,0.1986296831307897,36,20,114,0.6428571428571429,0.24,0.34951456310679613,0.2129091750946968,0.0744148573146513,3,53,147,0.05357142857142857,0.02,0.029126213592233014,0.5808869649066603,0.016919037812815348
chunk_z5_y55_x5000_z000128_y000512_x000384,6.306816017953679,59,136,-77,0.40019875070982397,0.2501552932824563,32,27,104,0.5423728813559322,0.23529411764705882,0.3282051282051282,0.2481685546376176,0.08145019229132065,2,57,134,0.03389830508474576,0.014705882352941176,0.020512820512820513,0.5368866240891375,0.011013058955674615
chunk_z5_y55_x5000_z000128_y000512_x000512,6.4006686569191515,46,108,-62,0.21818429059509442,0.1224505370804953,27,19,81,0.5869565217391305,0.25,0.35064935064935066,0.13366027860559462,0.046867889900663054,0,46,108,0.0,0.0,0.0,0.0,0.0
chunk_z5_y55_x5000_z000128_y000512_x000640,6.42400436103344,57,118,-61,0.5371208136068736,0.3671668984034137,42,15,76,0.7368421052631579,0.3559322033898305,0.48,0.30028228598791307,0.14413549727419825,6,51,112,0.10526315789473684,0.05084745762711865,0.06857142857142857,0.5893180970918762,0.04041038380058579
chunk_z5_y55_x5000_z000128_y000512_x000768,6.512108082999475,104,120,-16,0.6895045738383953,0.5261403894082485,60,44,60,0.5769230769230769,0.5,0.5357142857142857,0.41767950010659116,0.2237568750571024,22,82,98,0.21153846153846154,0.18333333333333332,0.1964285714285714,0.5724293639908189,0.11244148221248228
chunk_z5_y55_x5000_z000128_y000512_x000896,6.354390540043823,86,115,-29,0.707818155494426,0.5477697728876988,59,27,56,0.686046511627907,0.5130434782608696,0.5870646766169155,0.487222875851796,0.28603134005229813,28,58,87,0.32558139534883723,0.24347826086956523,0.27860696517412936,0.6225626521310607,0.17345029114099203
chunk_z5_y55_x5000_z000128_y000512_x001024,6.419185717008077,75,91,-16,0.7133869040012628,0.5544688657529124,51,24,40,0.68,0.5604395604395604,0.6144578313253013,0.48641131267968496,0.29887924032125224,26,49,65,0.3466666666666667,0.2857142857142857,0.3132530120481928,0.6304830726862789,0.19750072156437654
chunk_z5_y55_x5000_z000128_y000512_x001152,6.302901767077856,68,100,-32,0.7879977691020635,0.650161979089972,52,16,48,0.7647058823529411,0.52,0.6190476190476191,0.5578174547202953,0.3453155672078018,34,34,66,0.5,0.34,0.40476190476190477,0.665400314708919,0.26932869881075294
chunk_z5_y55_x5000_z000128_y000640_x000000,6.353303511044942,64,139,-75,0.42455251248755294,0.26948058621611065,42,22,97,0.65625,0.302158273381295,0.4137931034482759,0.2589305570795993,0.10714367879155832,6,58,133,0.09375,0.04316546762589928,0.059113300492610835,0.557355984986613,0.03294715182186875
chunk_z5_y55_x5000_z000128_y000640_x000128,6.446396976010874,100,151,-51,0.4342980321092496,0.27738231222530696,25,75,126,0.25,0.16556291390728478,0.19920318725099603,0.19163245842716903,0.038173796499436065,1,99,150,0.01,0.006622516556291391,0.00796812749003984,0.5207305034550839,0.00414924703948274
chunk_z5_y55_x5000_z000128_y000640_x000256,6.392528292955831,77,164,-87,0.5399518567856225,0.36981784422319686,48,29,116,0.6233766233766234,0.2926829268292683,0.3983402489626555,0.2628308263132384,0.10469609678867588,7,70,157,0.09090909090909091,0.042682926829268296,0.05809128630705394,0.5889848188315817,0.034214885741253705
chunk_z5_y55_x5000_z000128_y000640_x000384,6.446652287035249,72,138,-66,0.6221707446551807,0.4515586690017513,49,23,89,0.6805555555555556,0.35507246376811596,0.4666666666666667,0.38177446162973283,0.17816141542720867,14,58,124,0.19444444444444445,0.10144927536231885,0.13333333333333336,0.613497540452295,0.081799672060306
chunk_z5_y55_x5000_z000128_y000640_x000512,6.4041532459668815,78,159,-81,0.5181742891322352,0.3496863938396572,53,25,106,0.6794871794871795,0.3333333333333333,0.44725738396624476,0.29894583224141025,0.133705730875905,9,69,150,0.11538461538461539,0.05660377358490566,0.07594936708860758,0.5523845975349757,0.041953260572276635
chunk_z5_y55_x5000_z000128_y000640_x000640,6.466663550003432,84,124,-40,0.6494471246210989,0.4808750079028893,62,22,62,0.7380952380952381,0.5,0.5961538461538461,0.4037421397603921,0.2406924294725414,23,61,101,0.27380952380952384,0.18548387096774194,0.22115384615384617,0.5822913804792751,0.12877597837522428
chunk_z5_y55_x5000_z000128_y000640_x000768,6.330072948010638,82,128,-46,0.5945198796650134,0.4230012727062363,59,23,69,0.7195121951219512,0.4609375,0.5619047619047619,0.3592480033804719,0.20186316380426517,17,65,111,0.2073170731707317,0.1328125,0.1619047619047619,0.5556936332025993,0.08996944537565894
chunk_z5_y55_x5000_z000128_y000640_x000896,6.395357459085062,75,112,-37,0.6722745490309284,0.5063355142738681,47,28,65,0.6266666666666667,0.41964285714285715,0.5026737967914437,0.3886927422777532,0.19538565654603637,12,63,100,0.16,0.10714285714285714,0.12834224598930483,0.6068077451468314,0.07787906889585003
chunk_z5_y55_x5000_z000128_y000640_x001024,6.434795469045639,78,107,-29,0.7356393823629697,0.5818271876719868,56,22,51,0.717948717948718,0.5233644859813084,0.6054054054054053,0.4735729767716802,0.28670363999150367,28,50,79,0.358974358974359,0.2616822429906542,0.30270270270270266,0.6229365746789517,0.18856458476768267
chunk_z5_y55_x5000_z000128_y000640_x001152,6.507475454011001,70,90,-20,0.706207699585183,0.545843176960288,47,23,43,0.6714285714285714,0.5222222222222223,0.5875,0.4273551631630281,0.251071158358279,19,51,71,0.2714285714285714,0.2111111111111111,0.23750000000000002,0.6131127361275142,0.1456142748302846
chunk_z5_y55_x5000_z000128_y000768_x000000,6.3920020459918305,84,170,-86,0.43675144531481225,0.279387077637674,52,32,118,0.6190476190476191,0.3058823529411765,0.40944881889763785,0.2743577221104147,0.11233544527355563,8,76,162,0.09523809523809523,0.047058823529411764,0.06299212598425197,0.5673094168180417,0.0357360262562546
chunk_z5_y55_x5000_z000128_y000768_x000128,6.466727750026621,109,130,-21,0.3998928926631474,0.2499163279942625,33,76,97,0.30275229357798167,0.25384615384615383,0.2761506276150628,0.22141131989382695,0.06114287494975974,3,106,127,0.027522935779816515,0.023076923076923078,0.02510460251046025,0.5523365112081128,0.013866188565894045
chunk_z5_y55_x5000_z000128_y000768_x000256,6.281996504985727,84,137,-53,0.41803664697319975,0.26425178950786843,44,40,93,0.5238095238095238,0.32116788321167883,0.3981900452488688,0.23984732267203793,0.09550481626759881,1,83,136,0.011904761904761904,0.0072992700729927005,0.00904977375565611,0.5735721200387222,0.005190697918902463
chunk_z5_y55_x5000_z000128_y000768_x000384,6.474587277043611,89,157,-68,0.6116154160253793,0.4405230532555088,68,21,89,0.7640449438202247,0.43312101910828027,0.5528455284552846,0.3744595322090221,0.2070182779692155,20,69,137,0.2247191011235955,0.12738853503184713,0.16260162601626016,0.5801319258151016,0.09433039444147995
chunk_z5_y55_x5000_z000128_y000768_x000512,6.434664309024811,81,147,-66,0.45197478110128414,0.29196861626248216,56,25,91,0.691358024691358,0.38095238095238093,0.49122807017543857,0.2746643171499644,0.13492282245963164,6,75,141,0.07407407407407407,0.04081632653061224,0.05263157894736842,0.5672920666262401,0.02985747719085474
chunk_z5_y55_x5000_z000128_y000768_x000640,6.476051604025997,92,116,-24,0.6416279590352006,0.4723506813195868,60,32,56,0.6521739130434783,0.5172413793103449,0.576923076923077,0.3765563179059435,0.21724402956112127,18,74,98,0.1956521739130435,0.15517241379310345,0.17307692307692307,0.5800386433339944,0.10039130365396055
chunk_z5_y55_x5000_z000128_y000768_x000768,6.406987045076676,87,152,-65,0.6455569710053168,0.4766217236058077,63,24,89,0.7241379310344828,0.4144736842105263,0.5271966527196652,0.3573970508519818,0.1884185289010448,15,72,137,0.1724137931034483,0.09868421052631579,0.12552301255230125,0.6040216920433762,0.07581862243222295
chunk_z5_y55_x5000_z000128_y000768_x000896,6.38457095506601,90,129,-39,0.6670123196929363,0.5003889604885808,54,36,75,0.6,0.4186046511627907,0.49315068493150693,0.3985135238797003,0.1965272172557426,19,71,110,0.2111111111111111,0.14728682170542637,0.17351598173515984,0.6113828761121365,0.10608469996466295
chunk_z5_y55_x5000_z000128_y000768_x001024,6.425969053991139,87,124,-37,0.7073539650908741,0.5472139673105498,62,25,62,0.7126436781609196,0.5,0.5876777251184834,0.4485606963286025,0.263609129595956,24,63,100,0.27586206896551724,0.1935483870967742,0.22748815165876776,0.6311477695989455,0.14357863952961794
chunk_z5_y55_x5000_z000128_y000768_x001152,6.533460951992311,76,118,-42,0.7340493978548341,0.5798404745106012,59,17,59,0.7763157894736842,0.5,0.6082474226804124,0.5034214688352489,0.3062048109410277,32,44,86,0.42105263157894735,0.2711864406779661,0.32989690721649484,0.6280249703257954,0.20718349536521086
chunk_z5_y55_x5000_z000128_y000896_x000000,6.370381738059223,40,173,-133,0.16349570344984,0.08902549466231235,27,13,146,0.675,0.15606936416184972,0.2535211267605634,0.13685525529685957,0.0346956985259644,1,39,172,0.025,0.005780346820809248,0.009389671361502348,0.6177777777777778,0.005800730307772561
chunk_z5_y55_x5000_z000128_y000896_x000128,6.432282808003947,65,198,-133,0.29139675571497403,0.17054676484411718,33,32,165,0.5076923076923077,0.16666666666666666,0.2509505703422053,0.23045248392201337,0.057832182277007156,2,63,196,0.03076923076923077,0.010101010101010102,0.015209125475285173,0.5512216376371142,0.008383599051515044
chunk_z5_y55_x5000_z000128_y000896_x000256,6.548394195036963,106,195,-89,0.5735203642180386,0.4020529629949107,69,37,126,0.6509433962264151,0.35384615384615387,0.4584717607973422,0.31441657937373807,0.144151122769355,15,91,180,0.14150943396226415,0.07692307692307693,0.09966777408637874,0.5809661874699974,0.05790360672458446
chunk_z5_y55_x5000_z000128_y000896_x000384,6.370410126983188,75,180,-105,0.5337586251790132,0.36403189430129107,59,16,121,0.7866666666666666,0.3277777777777778,0.4627450980392157,0.3244366434257827,0.1501314663695779,11,64,169,0.14666666666666667,0.06111111111111111,0.08627450980392157,0.5786462471982453,0.04992242132690744
chunk_z5_y55_x5000_z000128_y000896_x000512,6.452115486026742,93,166,-73,0.47673744665156226,0.3129712902109997,63,30,103,0.6774193548387096,0.3795180722891566,0.4864864864864865,0.28159461214156967,0.13699197347427713,9,84,157,0.0967741935483871,0.05421686746987952,0.0694980694980695,0.578190698610212,0.04018313735514987
chunk_z5_y55_x5000_z000128_y000896_x000640,6.41530585300643,90,173,-83,0.5422541617392886,0.37198127925117,65,25,108,0.7222222222222222,0.37572254335260113,0.49429657794676807,0.3286617264781231,0.16245636670021293,9,81,164,0.1,0.05202312138728324,0.06844106463878327,0.5749141419452237,0.03934773595062368
chunk_z5_y55_x5000_z000128_y000896_x000768,6.410507219028659,107,172,-65,0.60529117999092,0.4339910749162534,73,34,99,0.6822429906542056,0.42441860465116277,0.5232974910394265,0.38342391984720925,0.20064477526054678,24,83,148,0.22429906542056074,0.13953488372093023,0.17204301075268819,0.5875855728879188,0.10108999103448064
chunk_z5_y55_x5000_z000128_y000896_x000896,6.410827346029691,96,159,-63,0.6579648751213485,0.4902739599910565,76,20,83,0.7916666666666666,0.4779874213836478,0.596078431372549,0.4214764752715123,0.251233036240274,28,68,131,0.2916666666666667,0.1761006289308176,0.2196078431372549,0.6146551967300814,0.1349831020269983
chunk_z5_y55_x5000_z000128_y000896_x001024,6.528747726930305,80,159,-79,0.6470715664264052,0.47827479293730624,67,13,92,0.8375,0.42138364779874216,0.5606694560669456,0.38900802553252156,0.21810491808099533,24,56,135,0.3,0.1509433962264151,0.20083682008368198,0.6118232021041985,0.12287662636402313
chunk_z5_y55_x5000_z000128_y000896_x001152,6.467629595077597,89,143,-54,0.6847852045738959,0.5206641583985822,70,19,73,0.7865168539325843,0.48951048951048953,0.603448275862069,0.41205590763395245,0.24865442702048854,27,62,116,0.30337078651685395,0.1888111888111888,0.23275862068965517,0.645499270559291,0.15024551987155912
